Workbook

Sheet Character_Profile
A1: 角色姓名 | B1: 陳老闆
A2: 冒險等級 | B2: ="LV." &config!D2 -> LV.5 | C2: =REPT("■",ROUND(C3*20,0))&REPT("□",20-ROUND(C3*20,0)) -> ■■■■■■■■■■■■■■■■□□□□
A3: 目前經驗 | B3: =config!E2 -> 987 | C3: =B3/B4 -> 0.81234568
A4: 下一級所需經驗 | B4: =config!A2*config!C2^config!D2 -> 1215
A5: 創世術-作品及程式語言 | B5: ="LV."&IF((config!F2)<20,0,INT(LOG((config!F2/20),1.5)+1)) -> LV.7 | C5: =REPT("■",ROUND(C6*20,0))&REPT("□",20-ROUND(C6*20,0)) -> ■■■■■■■■■■■■■■■■■■■□
A6: 所需經驗值： | B6: =ROUNDUP(config!B2*config!C2^IF((config!F2)<config!B2,0,INT(LOG((config!F2)/config!B2,config!C2)+1)),0) -> 342 | C6: =config!F2/B6 -> 0.94736842
A7: 分析術-Python & SQL | B7: ="LV."&IF((config!G2)<20,0,INT(LOG((config!G2/20),1.5)+1)) -> LV.2 | C7: =REPT("■",ROUND(C8*20,0))&REPT("□",20-ROUND(C8*20,0)) -> ■■■■■■■■■■■■■■■■■□□□
A8: 所需經驗值： | B8: =ROUNDUP(config!B2*config!C2^IF((config!G2)<config!B2,0,INT(LOG((config!G2)/config!B2,config!C2)+1)),0) -> 45 | C8: =config!G2/B8 -> 0.86666667
A9: 破譯術-英文 | B9: ="LV."&IF((config!H2)<20,0,INT(LOG((config!H2/20),1.5)+1)) -> LV.6 | C9: =REPT("■",ROUND(C10*20,0))&REPT("□",20-ROUND(C10*20,0)) -> ■■■■■■■■■■■■■■■■■□□□
A10: 所需經驗值： | B10: =ROUNDUP(config!B2*config!C2^IF((config!H2)<config!B2,0,INT(LOG((config!H2)/config!B2,config!C2)+1)),0) -> 228 | C10: =config!H2/B10 -> 0.86842105
A11: 破譯術-日文 | B11: ="LV."&IF((config!I2)<20,0,INT(LOG((config!I2/20),1.5)+1)) -> LV.6 | C11: =REPT("■",ROUND(C12*20,0))&REPT("□",20-ROUND(C12*20,0)) -> ■■■■■■■■■■■■■■□□□□□□
A12: 所需經驗值： | B12: =ROUNDUP(config!B2*config!C2^IF((config!I2)<config!B2,0,INT(LOG((config!I2)/config!B2,config!C2)+1)),0) -> 228 | C12: =config!I2/B12 -> 0.68421053
A13: 創世術-小說 | B13: ="LV."&IF((config!J2)<20,0,INT(LOG((config!J2/20),1.5)+1)) -> LV.4 | C13: =REPT("■",ROUND(C14*20,0))&REPT("□",20-ROUND(C14*20,0)) -> ■■■■■■■■■■■■■■■□□□□□
A14: 所需經驗值： | B14: =ROUNDUP(config!B2*config!C2^IF((config!J2)<config!B2,0,INT(LOG((config!J2)/config!B2,config!C2)+1)),0) -> 102 | C14: =config!J2/B14 -> 0.73529412
A15: 養心術-書法 | B15: ="LV."&IF((config!K2)<20,0,INT(LOG((config!K2/20),1.5)+1)) -> LV.4 | C15: =REPT("■",ROUND(C16*20,0))&REPT("□",20-ROUND(C16*20,0)) -> ■■■■■■■■■■■■■■■■■■□□
A16: 所需經驗值： | B16: =ROUNDUP(config!B2*config!C2^IF((config!K2)<config!B2,0,INT(LOG((config!K2)/config!B2,config!C2)+1)),0) -> 102 | C16: =config!K2/B16 -> 0.88235294
A17: 養心術-遊戲 | B17: ="LV."&IF((config!L2)<20,0,INT(LOG((config!L2/20),1.5)+1)) -> LV.3 | C17: =REPT("■",ROUND(C18*20,0))&REPT("□",20-ROUND(C18*20,0)) -> ■■■■■■■■■■■■■□□□□□□□
A18: 所需經驗值： | B18: =ROUNDUP(config!B2*config!C2^IF((config!L2)<config!B2,0,INT(LOG((config!L2)/config!B2,config!C2)+1)),0) -> 68 | C18: =config!L2/B18 -> 0.66176471
A19: 體術-運動 | B19: ="LV."&IF((config!M2)<20,0,INT(LOG((config!M2/20),1.5)+1)) -> LV.3 | C19: =REPT("■",ROUND(C20*20,0))&REPT("□",20-ROUND(C20*20,0)) -> ■■■■■■■■■■■■■■■■■■□□
A20: 所需經驗值： | B20: =ROUNDUP(config!B2*config!C2^IF((config!M2)<config!B2,0,INT(LOG((config!M2)/config!B2,config!C2)+1)),0) -> 68 | C20: =config!M2/B20 -> 0.88235294

Sheet config
A1: start_tEXP | B1: start_sEXP | C1: 增率 | D1: C_Level | E1: C_Total_EXP | F1: C_創世術-作品及程式語言 | G1: C_分析術-Python & SQL | H1: C_破譯術-英文 | I1: C_破譯術-日文 | J1: C_創世術-小說 | K1: C_養心術-書法 | L1: C_養心術-遊戲 | M1: C_體術-運動
A2: 160 | B2: 20 | C2: 1.5 | D2: {=INDEX(Character_Status!A:A, COUNTA(Character_Status!A:A))} -> 5 | E2: {=INDEX(Character_Status!B:B, COUNTA(Character_Status!B:B))} -> 987 | F2: {=INDEX(Character_Status!D:D, COUNTA(Character_Status!D:D))} -> 324 | G2: {=INDEX(Character_Status!E:E, COUNTA(Character_Status!E:E))} -> 39 | H2: {=INDEX(Character_Status!F:F, COUNTA(Character_Status!F:F))} -> 198 | I2: {=INDEX(Character_Status!G:G, COUNTA(Character_Status!G:G))} -> 156 | J2: {=INDEX(Character_Status!H:H, COUNTA(Character_Status!H:H))} -> 75 | K2: {=INDEX(Character_Status!I:I, COUNTA(Character_Status!I:I))} -> 90 | L2: {=INDEX(Character_Status!J:J, COUNTA(Character_Status!J:J))} -> 45 | M2: {=INDEX(Character_Status!K:K, COUNTA(Character_Status!K:K))} -> 60

Sheet Character_Status
A1: Level | B1: Total_EXP | C1: Date | D1: 創世術-作品及程式語言 | E1: 分析術-Python & SQL | F1: 破譯術-英文 | G1: 破譯術-日文 | H1: 創世術-小說 | I1: 養心術-書法 | J1: 養心術-遊戲 | K1: 體術-運動
A2: =IF(B2<config!$A$2,0,INT(LOG(B2/config!$A$2,config!$C$2))+1) -> 0 | B2: 0 | C2: 0 | D2: 0 | E2: 0 | F2: 0 | G2: 0 | H2: 0 | I2: 0 | J2: 0 | K2: 0
A3: =IF(B3<config!$A$2,0,INT(LOG(B3/config!$A$2,config!$C$2))+1) -> 0 | B3: =SUM(D3:K3) -> 81 | C3: 46226 | D3: =EXP_Calculation!B2+D2 -> 21 | E3: =EXP_Calculation!C2+E2 -> 15 | F3: =EXP_Calculation!D2+F2 -> 14 | G3: =EXP_Calculation!E2+G2 -> 14 | H3: =EXP_Calculation!F2+H2 -> 15 | I3: =EXP_Calculation!G2+I2 -> 0 | J3: =EXP_Calculation!H2+J2 -> 2 | K3: =EXP_Calculation!I2+K2 -> 0
A4: =IF(B4<config!$A$2,0,INT(LOG(B4/config!$A$2,config!$C$2))+1) -> 0 | B4: =SUM(D4:K4) -> 142 | C4: 46227 | D4: =EXP_Calculation!B3+D3 -> 27 | E4: =EXP_Calculation!C3+E3 -> 15 | F4: =EXP_Calculation!D3+F3 -> 52 | G4: =EXP_Calculation!E3+G3 -> 14 | H4: =EXP_Calculation!F3+H3 -> 30 | I4: =EXP_Calculation!G3+I3 -> 0 | J4: =EXP_Calculation!H3+J3 -> 4 | K4: =EXP_Calculation!I3+K3 -> 0
A5: =IF(B5<config!$A$2,0,INT(LOG(B5/config!$A$2,config!$C$2))+1) -> 1 | B5: =SUM(D5:K5) -> 215 | C5: 46228 | D5: =EXP_Calculation!B4+D4 -> 33 | E5: =EXP_Calculation!C4+E4 -> 27 | F5: =EXP_Calculation!D4+F4 -> 66 | G5: =EXP_Calculation!E4+G4 -> 38 | H5: =EXP_Calculation!F4+H4 -> 30 | I5: =EXP_Calculation!G4+I4 -> 15 | J5: =EXP_Calculation!H4+J4 -> 6 | K5: =EXP_Calculation!I4+K4 -> 0
A6: =IF(B6<config!$A$2,0,INT(LOG(B6/config!$A$2,config!$C$2))+1) -> 2 | B6: =SUM(D6:K6) -> 274 | C6: 46229 | D6: =EXP_Calculation!B5+D5 -> 48 | E6: =EXP_Calculation!C5+E5 -> 39 | F6: =EXP_Calculation!D5+F5 -> 66 | G6: =EXP_Calculation!E5+G5 -> 38 | H6: =EXP_Calculation!F5+H5 -> 30 | I6: =EXP_Calculation!G5+I5 -> 30 | J6: =EXP_Calculation!H5+J5 -> 23 | K6: =EXP_Calculation!I5+K5 -> 0
A7: =IF(B7<config!$A$2,0,INT(LOG(B7/config!$A$2,config!$C$2))+1) -> 2 | B7: =SUM(D7:K7) -> 311 | C7: 46230 | D7: =EXP_Calculation!B6+D6 -> 54 | E7: =EXP_Calculation!C6+E6 -> 39 | F7: =EXP_Calculation!D6+F6 -> 80 | G7: =EXP_Calculation!E6+G6 -> 38 | H7: =EXP_Calculation!F6+H6 -> 45 | I7: =EXP_Calculation!G6+I6 -> 30 | J7: =EXP_Calculation!H6+J6 -> 25 | K7: =EXP_Calculation!I6+K6 -> 0
A8: =IF(B8<config!$A$2,0,INT(LOG(B8/config!$A$2,config!$C$2))+1) -> 2 | B8: =SUM(D8:K8) -> 357 | C8: 46231 | D8: =EXP_Calculation!B7+D7 -> 84 | E8: =EXP_Calculation!C7+E7 -> 39 | F8: =EXP_Calculation!D7+F7 -> 94 | G8: =EXP_Calculation!E7+G7 -> 38 | H8: =EXP_Calculation!F7+H7 -> 45 | I8: =EXP_Calculation!G7+I7 -> 30 | J8: =EXP_Calculation!H7+J7 -> 27 | K8: =EXP_Calculation!I7+K7 -> 0
A9: =IF(B9<config!$A$2,0,INT(LOG(B9/config!$A$2,config!$C$2))+1) -> 3 | B9: =SUM(D9:K9) -> 409 | C9: 46232 | D9: =EXP_Calculation!B8+D8 -> 114 | E9: =EXP_Calculation!C8+E8 -> 39 | F9: =EXP_Calculation!D8+F8 -> 104 | G9: =EXP_Calculation!E8+G8 -> 48 | H9: =EXP_Calculation!F8+H8 -> 45 | I9: =EXP_Calculation!G8+I8 -> 30 | J9: =EXP_Calculation!H8+J8 -> 29 | K9: =EXP_Calculation!I8+K8 -> 0
A10: =IF(B10<config!$A$2,0,INT(LOG(B10/config!$A$2,config!$C$2))+1) -> 3 | B10: =SUM(D10:K10) -> 451 | C10: 46233 | D10: =EXP_Calculation!B9+D9 -> 144 | E10: =EXP_Calculation!C9+E9 -> 39 | F10: =EXP_Calculation!D9+F9 -> 114 | G10: =EXP_Calculation!E9+G9 -> 48 | H10: =EXP_Calculation!F9+H9 -> 45 | I10: =EXP_Calculation!G9+I9 -> 30 | J10: =EXP_Calculation!H9+J9 -> 31 | K10: =EXP_Calculation!I9+K9 -> 0
A11: =IF(B11<config!$A$2,0,INT(LOG(B11/config!$A$2,config!$C$2))+1) -> 3 | B11: =SUM(D11:K11) -> 483 | C11: 46234 | D11: =EXP_Calculation!B10+D10 -> 174 | E11: =EXP_Calculation!C10+E10 -> 39 | F11: =EXP_Calculation!D10+F10 -> 114 | G11: =EXP_Calculation!E10+G10 -> 48 | H11: =EXP_Calculation!F10+H10 -> 45 | I11: =EXP_Calculation!G10+I10 -> 30 | J11: =EXP_Calculation!H10+J10 -> 33 | K11: =EXP_Calculation!I10+K10 -> 0
A12: =IF(B12<config!$A$2,0,INT(LOG(B12/config!$A$2,config!$C$2))+1) -> 4 | B12: =SUM(D12:K12) -> 544 | C12: 46235 | D12: =EXP_Calculation!B11+D11 -> 204 | E12: =EXP_Calculation!C11+E11 -> 39 | F12: =EXP_Calculation!D11+F11 -> 128 | G12: =EXP_Calculation!E11+G11 -> 48 | H12: =EXP_Calculation!F11+H11 -> 45 | I12: =EXP_Calculation!G11+I11 -> 45 | J12: =EXP_Calculation!H11+J11 -> 35 | K12: =EXP_Calculation!I11+K11 -> 0
A13: =IF(B13<config!$A$2,0,INT(LOG(B13/config!$A$2,config!$C$2))+1) -> 4 | B13: =SUM(D13:K13) -> 575 | C13: 46236 | D13: =EXP_Calculation!B12+D12 -> 204 | E13: =EXP_Calculation!C12+E12 -> 39 | F13: =EXP_Calculation!D12+F12 -> 142 | G13: =EXP_Calculation!E12+G12 -> 48 | H13: =EXP_Calculation!F12+H12 -> 45 | I13: =EXP_Calculation!G12+I12 -> 60 | J13: =EXP_Calculation!H12+J12 -> 37 | K13: =EXP_Calculation!I12+K12 -> 0
A14: =IF(B14<config!$A$2,0,INT(LOG(B14/config!$A$2,config!$C$2))+1) -> 4 | B14: =SUM(D14:K14) -> 636 | C14: 46237 | D14: =EXP_Calculation!B13+D13 -> 234 | E14: =EXP_Calculation!C13+E13 -> 39 | F14: =EXP_Calculation!D13+F13 -> 156 | G14: =EXP_Calculation!E13+G13 -> 48 | H14: =EXP_Calculation!F13+H13 -> 60 | I14: =EXP_Calculation!G13+I13 -> 60 | J14: =EXP_Calculation!H13+J13 -> 39 | K14: =EXP_Calculation!I13+K13 -> 0
... A22: =IF(B22<config!$A$2,0,INT(LOG(B22/config!$A$2,config!$C$2))+1) -> 5 | B22: =SUM(D22:K22) -> 987 | C22: 46245 | D22: =EXP_Calculation!B21+D21 -> 324 | E22: =EXP_Calculation!C21+E21 -> 39 | F22: =EXP_Calculation!D21+F21 -> 198 | G22: =EXP_Calculation!E21+G21 -> 156 | H22: =EXP_Calculation!F21+H21 -> 75 | I22: =EXP_Calculation!G21+I21 -> 90 | J22: =EXP_Calculation!H21+J21 -> 45 | K22: =EXP_Calculation!I21+K21 -> 60

Sheet Input_2026_7
A1: T_no | B1: Task | C1: 2026/7/23 | D1: 2026/7/24 | E1: 2026/7/25 | F1: 2026/7/26 | G1: 2026/7/27 | H1: 2026/7/28 | I1: 2026/7/29 | J1: 2026/7/30 | K1: 2026/7/31
A2: T001 | B2: Leetcode 1題 | C2: TRUE | D2: FALSE | E2: FALSE | F2: TRUE | G2: FALSE | H2: FALSE | I2: FALSE | J2: FALSE | K2: FALSE
A3: T002 | B3: SQL 1題 | C3: TRUE | D3: FALSE | E3: FALSE | F3: FALSE | G3: FALSE | H3: FALSE | I3: FALSE | J3: FALSE | K3: FALSE
A4: T003 | B4: SQL50 2題 | C4: FALSE | D4: FALSE | E4: TRUE | F4: TRUE | G4: FALSE | H4: FALSE | I4: FALSE | J4: FALSE | K4: FALSE
A5: T004 | B5: Kaggle 2章 | C5: TRUE | D5: TRUE | E5: TRUE | F5: FALSE | G5: TRUE | H5: FALSE | I5: FALSE | J5: FALSE | K5: FALSE
A6: T005 | B6: 作品 1版 | C6: FALSE | D6: FALSE | E6: FALSE | F6: FALSE | G6: FALSE | H6: TRUE | I6: TRUE | J6: TRUE | K6: TRUE
A7: T006 | B7: 英文文章 1篇 | C7: TRUE | D7: TRUE | E7: TRUE | F7: FALSE | G7: TRUE | H7: TRUE | I7: FALSE | J7: FALSE | K7: FALSE
A8: T007 | B8: 英文影片20分鐘 | C8: FALSE | D8: FALSE | E8: FALSE | F8: FALSE | G8: FALSE | H8: FALSE | I8: TRUE | J8: TRUE | K8: FALSE
A9: T008 | B9: 英文跟讀10分鐘 | C9: FALSE | D9: FALSE | E9: FALSE | F9: FALSE | G9: FALSE | H9: FALSE | I9: FALSE | J9: FALSE | K9: FALSE
A10: T009 | B10: 英文日記 | C10: FALSE | D10: TRUE | E10: FALSE | F10: FALSE | G10: FALSE | H10: FALSE | I10: FALSE | J10: FALSE | K10: FALSE
A11: T010 | B11: 日文文章1篇 | C11: TRUE | D11: FALSE | E11: FALSE | F11: FALSE | G11: FALSE | H11: FALSE | I11: FALSE | J11: FALSE | K11: FALSE
A12: T011 | B12: 日文影片20分鐘 | C12: FALSE | D12: FALSE | E12: FALSE | F12: FALSE | G12: FALSE | H12: FALSE | I12: TRUE | J12: FALSE | K12: FALSE
A13: T012 | B13: 日文跟讀10分鐘 | C13: FALSE | D13: FALSE | E13: FALSE | F13: FALSE | G13: FALSE | H13: FALSE | I13: FALSE | J13: FALSE | K13: FALSE
... A23: T022 | B23: 運動30分鐘 | C23: FALSE | D23: FALSE | E23: FALSE | F23: FALSE | G23: FALSE | H23: FALSE | I23: FALSE | J23: FALSE | K23: FALSE

Sheet Input_2026_8
A1: T_no | B1: Task | C1: 2026/8/1 | D1: 2026/8/2 | E1: 2026/8/3 | F1: 2026/8/4 | G1: 2026/8/5 | H1: 2026/8/6 | I1: 2026/8/7 | J1: 2026/8/8 | K1: 2026/8/9 | L1: 2026/8/10 | M1: 2026/8/11 | N1: 2026/8/12 | O1: 2026/8/13 | P1: 2026/8/14 | Q1: 2026/8/15 | R1: 2026/8/16 | S1: 2026/8/17 | T1: 2026/8/18 | U1: 2026/8/19 | V1: 2026/8/20 | W1: 2026/8/21 | X1: 2026/8/22 | Y1: 2026/8/23 | Z1: 2026/8/24 | AA1: 2026/8/25 | AB1: 2026/8/26 | AC1: 2026/8/27 | AD1: 2026/8/28 | AE1: 2026/8/29 | AF1: 2026/8/30 | AG1: 2026/8/31
A2: T001 | B2: Leetcode 1題 | C2: FALSE | D2: FALSE | E2: FALSE | F2: FALSE | G2: FALSE | H2: FALSE | I2: FALSE | J2: FALSE | K2: FALSE | L2: FALSE | M2: FALSE | N2: FALSE | O2: FALSE | P2: FALSE | Q2: FALSE | R2: FALSE | S2: FALSE | T2: FALSE | U2: FALSE | V2: FALSE | W2: FALSE | X2: FALSE | Y2: FALSE | Z2: FALSE | AA2: FALSE | AB2: FALSE | AC2: FALSE | AD2: FALSE | AE2: FALSE | AF2: FALSE | AG2: FALSE
A3: T002 | B3: SQL 1題 | C3: FALSE | D3: FALSE | E3: FALSE | F3: FALSE | G3: FALSE | H3: FALSE | I3: FALSE | J3: FALSE | K3: FALSE | L3: FALSE | M3: FALSE | N3: FALSE | O3: FALSE | P3: FALSE | Q3: FALSE | R3: FALSE | S3: FALSE | T3: FALSE | U3: FALSE | V3: FALSE | W3: FALSE | X3: FALSE | Y3: FALSE | Z3: FALSE | AA3: FALSE | AB3: FALSE | AC3: FALSE | AD3: FALSE | AE3: FALSE | AF3: FALSE | AG3: FALSE
A4: T003 | B4: SQL50 2題 | C4: FALSE | D4: FALSE | E4: FALSE | F4: FALSE | G4: FALSE | H4: FALSE | I4: FALSE | J4: FALSE | K4: FALSE | L4: FALSE | M4: FALSE | N4: FALSE | O4: FALSE | P4: FALSE | Q4: FALSE | R4: FALSE | S4: FALSE | T4: FALSE | U4: FALSE | V4: FALSE | W4: FALSE | X4: FALSE | Y4: FALSE | Z4: FALSE | AA4: FALSE | AB4: FALSE | AC4: FALSE | AD4: FALSE | AE4: FALSE | AF4: FALSE | AG4: FALSE
A5: T004 | B5: Kaggle 2章 | C5: FALSE | D5: FALSE | E5: FALSE | F5: FALSE | G5: FALSE | H5: FALSE | I5: FALSE | J5: FALSE | K5: FALSE | L5: FALSE | M5: FALSE | N5: FALSE | O5: FALSE | P5: FALSE | Q5: FALSE | R5: FALSE | S5: FALSE | T5: FALSE | U5: FALSE | V5: FALSE | W5: FALSE | X5: FALSE | Y5: FALSE | Z5: FALSE | AA5: FALSE | AB5: FALSE | AC5: FALSE | AD5: FALSE | AE5: FALSE | AF5: FALSE | AG5: FALSE
A6: T005 | B6: 作品 1版 | C6: TRUE | D6: FALSE | E6: TRUE | F6: TRUE | G6: FALSE | H6: TRUE | I6: FALSE | J6: FALSE | K6: FALSE | L6: TRUE | M6: FALSE | N6: FALSE | O6: FALSE | P6: FALSE | Q6: FALSE | R6: FALSE | S6: FALSE | T6: FALSE | U6: FALSE | V6: FALSE | W6: FALSE | X6: FALSE | Y6: FALSE | Z6: FALSE | AA6: FALSE | AB6: FALSE | AC6: FALSE | AD6: FALSE | AE6: FALSE | AF6: FALSE | AG6: FALSE
A7: T006 | B7: 英文文章 1篇 | C7: TRUE | D7: TRUE | E7: TRUE | F7: TRUE | G7: TRUE | H7: TRUE | I7: FALSE | J7: FALSE | K7: FALSE | L7: FALSE | M7: FALSE | N7: FALSE | O7: FALSE | P7: FALSE | Q7: FALSE | R7: FALSE | S7: FALSE | T7: FALSE | U7: FALSE | V7: FALSE | W7: FALSE | X7: FALSE | Y7: FALSE | Z7: FALSE | AA7: FALSE | AB7: FALSE | AC7: FALSE | AD7: FALSE | AE7: FALSE | AF7: FALSE | AG7: FALSE
A8: T007 | B8: 英文影片20分鐘 | C8: FALSE | D8: FALSE | E8: FALSE | F8: FALSE | G8: FALSE | H8: FALSE | I8: FALSE | J8: FALSE | K8: FALSE | L8: FALSE | M8: FALSE | N8: FALSE | O8: FALSE | P8: FALSE | Q8: FALSE | R8: FALSE | S8: FALSE | T8: FALSE | U8: FALSE | V8: FALSE | W8: FALSE | X8: FALSE | Y8: FALSE | Z8: FALSE | AA8: FALSE | AB8: FALSE | AC8: FALSE | AD8: FALSE | AE8: FALSE | AF8: FALSE | AG8: FALSE
A9: T008 | B9: 英文跟讀10分鐘 | C9: FALSE | D9: FALSE | E9: FALSE | F9: FALSE | G9: FALSE | H9: FALSE | I9: FALSE | J9: FALSE | K9: FALSE | L9: FALSE | M9: FALSE | N9: FALSE | O9: FALSE | P9: FALSE | Q9: FALSE | R9: FALSE | S9: FALSE | T9: FALSE | U9: FALSE | V9: FALSE | W9: FALSE | X9: FALSE | Y9: FALSE | Z9: FALSE | AA9: FALSE | AB9: FALSE | AC9: FALSE | AD9: FALSE | AE9: FALSE | AF9: FALSE | AG9: FALSE
A10: T009 | B10: 英文日記 | C10: FALSE | D10: FALSE | E10: FALSE | F10: FALSE | G10: FALSE | H10: FALSE | I10: FALSE | J10: FALSE | K10: FALSE | L10: FALSE | M10: FALSE | N10: FALSE | O10: FALSE | P10: FALSE | Q10: FALSE | R10: FALSE | S10: FALSE | T10: FALSE | U10: FALSE | V10: FALSE | W10: FALSE | X10: FALSE | Y10: FALSE | Z10: FALSE | AA10: FALSE | AB10: FALSE | AC10: FALSE | AD10: FALSE | AE10: FALSE | AF10: FALSE | AG10: FALSE
A11: T010 | B11: 日文文章1篇 | C11: FALSE | D11: FALSE | E11: FALSE | F11: FALSE | G11: TRUE | H11: FALSE | I11: FALSE | J11: FALSE | K11: FALSE | L11: FALSE | M11: FALSE | N11: FALSE | O11: FALSE | P11: FALSE | Q11: FALSE | R11: FALSE | S11: FALSE | T11: FALSE | U11: FALSE | V11: FALSE | W11: FALSE | X11: FALSE | Y11: FALSE | Z11: FALSE | AA11: FALSE | AB11: FALSE | AC11: FALSE | AD11: FALSE | AE11: FALSE | AF11: FALSE | AG11: FALSE
A12: T011 | B12: 日文影片20分鐘 | C12: FALSE | D12: FALSE | E12: FALSE | F12: TRUE | G12: TRUE | H12: TRUE | I12: TRUE | J12: TRUE | K12: TRUE | L12: TRUE | M12: FALSE | N12: FALSE | O12: FALSE | P12: FALSE | Q12: FALSE | R12: FALSE | S12: FALSE | T12: FALSE | U12: FALSE | V12: FALSE | W12: FALSE | X12: FALSE | Y12: FALSE | Z12: FALSE | AA12: FALSE | AB12: FALSE | AC12: FALSE | AD12: FALSE | AE12: FALSE | AF12: FALSE | AG12: FALSE
A13: T012 | B13: 日文跟讀10分鐘 | C13: FALSE | D13: FALSE | E13: FALSE | F13: FALSE | G13: FALSE | H13: FALSE | I13: FALSE | J13: FALSE | K13: FALSE | L13: FALSE | M13: FALSE | N13: FALSE | O13: FALSE | P13: FALSE | Q13: FALSE | R13: FALSE | S13: FALSE | T13: FALSE | U13: FALSE | V13: FALSE | W13: FALSE | X13: FALSE | Y13: FALSE | Z13: FALSE | AA13: FALSE | AB13: FALSE | AC13: FALSE | AD13: FALSE | AE13: FALSE | AF13: FALSE | AG13: FALSE
... A23: T022 | B23: 運動30分鐘 | C23: FALSE | D23: FALSE | E23: FALSE | F23: FALSE | G23: FALSE | H23: FALSE | I23: FALSE | J23: FALSE | K23: TRUE | L23: TRUE | M23: FALSE | N23: FALSE | O23: FALSE | P23: FALSE | Q23: FALSE | R23: FALSE | S23: FALSE | T23: FALSE | U23: FALSE | V23: FALSE | W23: FALSE | X23: FALSE | Y23: FALSE | Z23: FALSE | AA23: FALSE | AB23: FALSE | AC23: FALSE | AD23: FALSE | AE23: FALSE | AF23: FALSE | AG23: FALSE

Sheet Skill_Master
A1: S_no | B1: Skill_n | C1: RPG_Cat | D1: Cat | E1: Display_order | F1: Training | G1: Start
A2: S001 | B2: 程式語言&作品集 | C2: 創世術 | D2: 資料分析與程式設計 | E2: 1 | F2: 1 | G2: 46226
A3: S002 | B3: 分析用 Python & MySQL | C3: 分析術 | D3: 資料分析與程式設計 | E3: 2 | F3: 1 | G3: 46226
A4: S003 | B4: 英文 | C4: 破譯術 | D4: 語言 | E4: 3 | F4: 1 | G4: 46226
A5: S004 | B5: 日文 | C5: 破譯術 | D5: 語言 | E5: 4 | F5: 1 | G5: 46226
A6: S005 | B6: 小說 | C6: 創世術 | D6: 藝術 | E6: 5 | F6: 1 | G6: 46226
A7: S006 | B7: 書法 | C7: 養心術 | D7: 藝術 | E7: 6 | F7: 1 | G7: 46226
A8: S007 | B8: 遊戲 | C8: 養心術 | D8: 藝術 | E8: 7 | F8: 1 | G8: 46226
A9: S008 | B9: 運動 | C9: 體術 | D9: 運動 | E9: 8 | F9: 1 | G9: 46226

Sheet Task_Master
A1: T_no | B1: Task_n | C1: RPG_Cat | D1: Cat | E1: S_no | F1: Task_Type | G1: EXP_per_unit | H1: Unit | I1: Default_Difficulty | J1: Impact | K1: Active | L1: Display_order | M1: Start
A2: T001 | B2: Leetcode | C2: 創世術 | D2: 資料分析與程式設計 | E2: S001 | F2: 實作 | G2: 10 | H2: 題 | I2: 3 | J2: 0.5 | K2: 1 | L2: 12 | M2: 46226
A3: T002 | B3: SQL | C3: 分析術 | D3: 資料分析與程式設計 | E3: S002 | F3: 實作 | G3: 10 | H3: 題 | I3: 3 | J3: 0.5 | K3: 1 | L3: 13 | M3: 46226
A4: T003 | B4: SQL50 | C4: 分析術 | D4: 資料分析與程式設計 | E4: S002 | F4: 複習 | G4: 10 | H4: 題 | I4: 3 | J4: 0.4 | K4: 1 | L4: 20 | M4: 46226
A5: T004 | B5: Kaggle | C5: 分析術 | D5: 資料分析與程式設計 | E5: S001 | F5: 學習 | G5: 10 | H5: 章 | I5: 2 | J5: 0.3 | K5: 1 | L5: 21 | M5: 46226
A6: T005 | B6: 作品 | C6: 創世術 | D6: 資料分析與程式設計 | E6: S001 | F6: 作品集 | G6: 10 | H6: 版 | I6: 3 | J6: 1 | K6: 1 | L6: 1 | M6: 46226
A7: T006 | B7: 英文文章 | C7: 破譯術 | D7: 語言 | E7: S003 | F7: 學習 | G7: 10 | H7: 篇 | I7: 2 | J7: 0.7 | K7: 1 | L7: 9 | M7: 46226
A8: T007 | B8: 英文影片 | C8: 破譯術 | D8: 語言 | E8: S003 | F8: 學習 | G8: 10 | H8: 部 | I8: 2 | J8: 0.5 | K8: 1 | L8: 14 | M8: 46226
A9: T008 | B9: 英文跟讀 | C9: 破譯術 | D9: 語言 | E9: S003 | F9: 實作 | G9: 10 | H9: 10分鐘 | I9: 5 | J9: 1 | K9: 1 | L9: 2 | M9: 46226
A10: T009 | B10: 英文日記 | C10: 破譯術 | D10: 語言 | E10: S003 | F10: 實作 | G10: 10 | H10: 篇 | I10: 3 | J10: 0.8 | K10: 1 | L10: 7 | M10: 46226
A11: T010 | B11: 日文文章 | C11: 破譯術 | D11: 語言 | E11: S004 | F11: 學習 | G11: 10 | H11: 篇 | I11: 2 | J11: 0.7 | K11: 1 | L11: 10 | M11: 46226
A12: T011 | B12: 日文影片 | C12: 破譯術 | D12: 語言 | E12: S004 | F12: 學習 | G12: 10 | H12: 部 | I12: 2 | J12: 0.5 | K12: 1 | L12: 15 | M12: 46226
A13: T012 | B13: 日文跟讀 | C13: 破譯術 | D13: 語言 | E13: S004 | F13: 實作 | G13: 10 | H13: 10分鐘 | I13: 5 | J13: 1 | K13: 1 | L13: 3 | M13: 46226
... A23: T022 | B23: 運動 | C23: 體術 | D23: 運動 | E23: S008 | F23: 實作 | G23: 10 | H23: 15分鐘 | I23: 3 | J23: 1 | K23: 1 | L23: 6 | M23: 46226

Sheet Quest_Master
A1: Q_no | B1: Quest_n | C1: Quest_type | D1: Start_date | E1: Due_date | F1: Reward_EXP | G1: Status | H1: Completion_Rule | I1: Taget_Type | J1: Target_Value
A2: Q001 | B2: 成為資料科學家 | C2: Main | D2: 46226 | E2: 47695 | F2: 3000 | G2: Active | H2: 面試資料科學家職位取得offer | I2: Offer | J2: 1
A3: Q002 | B3: 成為資料分析師 | C3: Main | D3: 46226 | E3: 46599 | F3: 1500 | G3: Active | H3: 面試資料分析師職位取得offer | I3: Offer | J3: 1
A4: Q003 | B4: 完成一本小說 | C4: Main | D4: 46226 | E4: 47330 | F4: 1000 | G4: Active | H4: 完成小說點雨樓，並發布在任何平台 | I4: Project | J4: 1
A5: Q004 | B5: 完成冒險之書(資料分析版) | C5: Main | D5: 46226 | E5: 46248 | F5: 800 | G5: Active | H5: 完成EXCEL資料整理, Power BI Dashboard, Python分析, 自動告知不足, 提供建議 | I5: Project | J5: 1
A6: Q005 | B6: 完成冒險之書(APP版) | C6: Main | D6: 46264 | E6: 46295 | F6: 800 | G6: Not Started | H6: 製作冒險之書APP並發布Beta版 | I6: Project | J6: 1
A7: Q006 | B7: 完成投資分析project | C7: Main | D7: 46248 | E7: 46326 | F7: 800 | G7: Not Started | H7: 完成EXCEL資料整理, Power BI Dashboard, Python分析, 自動提供投資理財建議 | I7: Project | J7: 1
A8: Q007 | B8: 托福100分 | C8: Main | D8: 46296 | E8: 46661 | F8: 1200 | G8: Not Started | H8: 參與托福考試，分數>=100分 | I8: Score | J8: 100
A9: Q008 | B9: 日文N1 | C9: Main | D9: 46296 | E9: 46726 | F9: 1200 | G9: Not Started | H9: 2027年12月 JLPT N1考試 | I9: Score | J9: 120
A10: Q009 | B10: 書法帳號獲得商業合作 | C10: Main | D10: 46226 | E10: 46387 | F10: 800 | G10: Active | H10: 100人追蹤帳號，書法帳號有人聯繫合作 | I10: Challenge | J10: 100
A11: Q010 | B11: 書法教室/小型遊戲公司 | C11: Main | D11: 49341 | E11: 49706 | F11: 2000 | G11: Not Started | H11: 成功創業 | I11: Challenge | J11: 1
A12: Q011 | B12: 用小說做成2D遊戲 | C12: Main | D12: 46296 | E12: 47392 | F12: 2000 | G12: Not Started | H12: 完成3-4小時短篇類煙雨、仙劍、歧路的遊戲 | I12: Project | J12: 1
A13: Q012 | B13: 完成Leetcode 20題 | C13: Side | D13: 46226 | E13: 46266 | F13: 200 | G13: Active | H13: 完成leetcode75裡的20題 | I13: Training | J13: 20
... A25: Q024 | B25: 連續運動30天 | C25: Side | D25: 46234 | E25: 46265 | F25: 500 | G25: Not Started | H25: 連續運動30天 | I25: Sport | J25: 30

Sheet EXP_Calculation
A1: Date | B1: S001 | C1: S002 | D1: S003 | E1: S004 | F1: S005 | G1: S006 | H1: S007 | I1: S008
A2: 46226 | B2: 21 | C2: 15 | D2: 14 | E2: 14 | F2: 15 | G2: 0 | H2: 2 | I2: 0
A3: 46227 | B3: 6 | C3: 0 | D3: 38 | E3: 0 | F3: 15 | G3: 0 | H3: 2 | I3: 0
A4: 46228 | B4: 6 | C4: 12 | D4: 14 | E4: 24 | F4: 0 | G4: 15 | H4: 2 | I4: 0
A5: 46229 | B5: 15 | C5: 12 | D5: 0 | E5: 0 | F5: 0 | G5: 15 | H5: 17 | I5: 0
A6: 46230 | B6: 6 | C6: 0 | D6: 14 | E6: 0 | F6: 15 | G6: 0 | H6: 2 | I6: 0
A7: 46231 | B7: 30 | C7: 0 | D7: 14 | E7: 0 | F7: 0 | G7: 0 | H7: 2 | I7: 0
A8: 46232 | B8: 30 | C8: 0 | D8: 10 | E8: 10 | F8: 0 | G8: 0 | H8: 2 | I8: 0
A9: 46233 | B9: 30 | C9: 0 | D9: 10 | E9: 0 | F9: 0 | G9: 0 | H9: 2 | I9: 0
A10: 46234 | B10: 30 | C10: 0 | D10: 0 | E10: 0 | F10: 0 | G10: 0 | H10: 2 | I10: 0
A11: 46235 | B11: 30 | C11: 0 | D11: 14 | E11: 0 | F11: 0 | G11: 15 | H11: 2 | I11: 0
A12: 46236 | B12: 0 | C12: 0 | D12: 14 | E12: 0 | F12: 0 | G12: 15 | H12: 2 | I12: 0
A13: 46237 | B13: 30 | C13: 0 | D13: 14 | E13: 0 | F13: 15 | G13: 0 | H13: 2 | I13: 0
... A41: 46265 | B41: 0 | C41: 0 | D41: 0 | E41: 0 | F41: 0 | G41: 0 | H41: 0 | I41: 0
